{
  "name": "Combine Clips and Subs",
  "nodes": [
    {
      "parameters": {
        "method": "POST",
        "url": "https://queue.fal.run/fal-ai/ffmpeg-api/compose",
        "authentication": "genericCredentialType",
        "genericAuthType": "httpHeaderAuth",
        "sendBody": true,
        "specifyBody": "json",
        "jsonBody": "={\n\n\n  \"tracks\": \n\n[\n    \n{{ JSON.stringify($json.ffmpeg.video, null, 2) }}\n\n,\n\n{{ JSON.stringify($json.ffmpeg.audio, null, 2).slice(1, -1) }}\n\n,\n    {\n      \"id\": \"100\",\n      \"type\": \"audio\",\n      \"keyframes\": [\n        {\n          \"timestamp\": 0,\n          \"duration\": 0,\n          \"url\": \"{{ $('Start').first().json.background_music}}\"\n        }\n      ]\n    }\n\n\n  ]\n}",
        "options": {}
      },
      "type": "n8n-nodes-base.httpRequest",
      "typeVersion": 4.2,
      "position": [
        944,
        976
      ],
      "id": "2e2a553d-5f21-48b7-a99a-0c6a5457d4c3",
      "name": "Combine Clips",
      "executeOnce": true,
      "credentials": {
        "httpHeaderAuth": {
          "id": "8us2N7EU77ApbiYP",
          "name": "Fal AI Credential"
        }
      }
    },
    {
      "parameters": {
        "url": "={{ $('Combine Clips').first().json.response_url }}",
        "authentication": "genericCredentialType",
        "genericAuthType": "httpHeaderAuth",
        "options": {}
      },
      "type": "n8n-nodes-base.httpRequest",
      "typeVersion": 4.2,
      "position": [
        1312,
        976
      ],
      "id": "b7acd10b-d959-4a87-bd38-a3808d931c53",
      "name": "Get Final Video",
      "alwaysOutputData": false,
      "credentials": {
        "httpHeaderAuth": {
          "id": "8us2N7EU77ApbiYP",
          "name": "Fal AI Credential"
        }
      },
      "onError": "continueErrorOutput"
    },
    {
      "parameters": {
        "amount": 60
      },
      "type": "n8n-nodes-base.wait",
      "typeVersion": 1.1,
      "position": [
        1120,
        1184
      ],
      "id": "6582a464-b156-4401-9ddd-f675e6707149",
      "name": "Wait5",
      "webhookId": "97b6c561-9d6b-4d3b-930b-2935841b4262"
    },
    {
      "parameters": {
        "amount": 40
      },
      "type": "n8n-nodes-base.wait",
      "typeVersion": 1.1,
      "position": [
        1120,
        976
      ],
      "id": "3a979dd5-4aea-467b-8052-9b413678d749",
      "name": "Wait4",
      "webhookId": "9a1a4730-c468-4a4c-8691-ecd483bb3a1e"
    },
    {
      "parameters": {
        "fieldsToAggregate": {
          "fieldToAggregate": [
            {
              "fieldToAggregate": "videos"
            },
            {
              "fieldToAggregate": "voiceovers"
            }
          ]
        },
        "options": {}
      },
      "type": "n8n-nodes-base.aggregate",
      "typeVersion": 1,
      "position": [
        1120,
        752
      ],
      "id": "d35b70b1-e2f3-4626-8bcc-3f01b0634222",
      "name": "Aggregate"
    },
    {
      "parameters": {
        "assignments": {
          "assignments": [
            {
              "id": "5d727b41-411a-45cf-beb2-7ea724e8664d",
              "name": "video_url",
              "value": "={{ $json.video_url }}",
              "type": "string"
            }
          ]
        },
        "options": {}
      },
      "type": "n8n-nodes-base.set",
      "typeVersion": 3.4,
      "position": [
        1520,
        1184
      ],
      "id": "e5a12ca0-ddea-4048-817a-1cded02ebe3f",
      "name": "Return"
    },
    {
      "parameters": {
        "workflowInputs": {
          "values": [
            {
              "name": "background_music",
              "type": "any"
            },
            {
              "name": "videos",
              "type": "any"
            },
            {
              "name": "voiceovers",
              "type": "any"
            }
          ]
        }
      },
      "id": "681ad783-76d7-4d0c-bd21-dae2c9af6213",
      "typeVersion": 1.1,
      "name": "Start",
      "type": "n8n-nodes-base.executeWorkflowTrigger",
      "position": [
        736,
        752
      ]
    },
    {
      "parameters": {
        "content": "# Combine All and Add Subs",
        "height": 96,
        "width": 880,
        "color": 6
      },
      "type": "n8n-nodes-base.stickyNote",
      "typeVersion": 1,
      "position": [
        704,
        624
      ],
      "id": "05f1b450-3ba2-4bb1-ade6-8edaa9930c6c",
      "name": "Sticky Note3"
    },
    {
      "parameters": {
        "jsCode": "function buildScenes(input) {\n  const duration = 5000; // ms per keyframe\n\n  // Build video track\n  const videoKeyframes = input.videos.map((url, index) => ({\n    url,\n    timestamp: index * duration,\n    duration\n  }));\n\n  const video = {\n    id: \"1\",\n    type: \"video\",\n    keyframes: videoKeyframes\n  };\n\n  // Build audio tracks (array of objects, not one object)\n  const audio = input.voiceovers.map((url, index) => ({\n    id: String(index + 2),\n    type: \"audio\",\n    keyframes: [\n      {\n        url,\n        timestamp: index * duration,\n        duration\n      }\n    ]\n  }));\n\n  return {\n    ffmpeg: {\n      video,\n      audio // this will now be an array of objects\n    }\n  };\n}\n\n// Get input from n8n\nconst input = $input.first().json;\n\n// Wrap the result in an array with a `json` property\nreturn [\n  {\n    json: buildScenes(input)\n  }\n];\n"
      },
      "type": "n8n-nodes-base.code",
      "typeVersion": 2,
      "position": [
        1312,
        752
      ],
      "id": "a856cbb6-69f3-406a-88e6-ecf8993d6c00",
      "name": "Create FFMPEG command"
    },
    {
      "parameters": {
        "method": "POST",
        "url": "https://queue.fal.run/fal-ai/auto-caption",
        "authentication": "genericCredentialType",
        "genericAuthType": "httpHeaderAuth",
        "sendBody": true,
        "specifyBody": "json",
        "jsonBody": "={\n  \"video_url\": \"{{ $json.video_url }}\",\n  \"txt_color\": \"white\",\n  \"txt_font\": \"https://res.cloudinary.com/do4mwt98l/raw/upload/v1757537313/Milkyway_DEMO_j6zbnh.ttf\",\n  \"font_size\": 25,\n  \"stroke_width\": 0,\n  \"left_align\": \"0.1\",\n  \"top_align\": \"0.8\",\n  \"refresh_interval\": 2.5\n}",
        "options": {}
      },
      "type": "n8n-nodes-base.httpRequest",
      "typeVersion": 4.2,
      "position": [
        944,
        1184
      ],
      "id": "f8683d75-b72b-48a8-9bbe-9d7c9aaecaca",
      "name": "Add Subs",
      "executeOnce": true,
      "credentials": {
        "httpHeaderAuth": {
          "id": "8us2N7EU77ApbiYP",
          "name": "Fal AI Credential"
        }
      }
    },
    {
      "parameters": {
        "url": "={{ $('Add Subs').first().json.response_url }}",
        "authentication": "genericCredentialType",
        "genericAuthType": "httpHeaderAuth",
        "options": {}
      },
      "type": "n8n-nodes-base.httpRequest",
      "typeVersion": 4.2,
      "position": [
        1312,
        1184
      ],
      "id": "38495000-c05a-46b7-b378-57d7ae3dd181",
      "name": "Get Final Video with Subs",
      "alwaysOutputData": false,
      "credentials": {
        "httpHeaderAuth": {
          "id": "8us2N7EU77ApbiYP",
          "name": "Fal AI Credential"
        }
      },
      "onError": "continueErrorOutput"
    }
  ],
  "pinData": {},
  "connections": {
    "Combine Clips": {
      "main": [
        [
          {
            "node": "Wait4",
            "type": "main",
            "index": 0
          }
        ]
      ]
    },
    "Get Final Video": {
      "main": [
        [
          {
            "node": "Add Subs",
            "type": "main",
            "index": 0
          }
        ],
        [
          {
            "node": "Wait4",
            "type": "main",
            "index": 0
          }
        ]
      ]
    },
    "Wait5": {
      "main": [
        [
          {
            "node": "Get Final Video with Subs",
            "type": "main",
            "index": 0
          }
        ]
      ]
    },
    "Wait4": {
      "main": [
        [
          {
            "node": "Get Final Video",
            "type": "main",
            "index": 0
          }
        ]
      ]
    },
    "Aggregate": {
      "main": [
        [
          {
            "node": "Create FFMPEG command",
            "type": "main",
            "index": 0
          }
        ]
      ]
    },
    "Start": {
      "main": [
        [
          {
            "node": "Aggregate",
            "type": "main",
            "index": 0
          }
        ]
      ]
    },
    "Create FFMPEG command": {
      "main": [
        [
          {
            "node": "Combine Clips",
            "type": "main",
            "index": 0
          }
        ]
      ]
    },
    "Add Subs": {
      "main": [
        [
          {
            "node": "Wait5",
            "type": "main",
            "index": 0
          }
        ]
      ]
    },
    "Get Final Video with Subs": {
      "main": [
        [
          {
            "node": "Return",
            "type": "main",
            "index": 0
          }
        ],
        [
          {
            "node": "Wait5",
            "type": "main",
            "index": 0
          }
        ]
      ]
    }
  },
  "active": false,
  "settings": {
    "executionOrder": "v1"
  },
  "versionId": "a6bb5907-e8e3-49bc-8c71-4e418a85b277",
  "meta": {
    "instanceId": "addaa68bf5af965c06c3765c811549851eb65db8df4677e0c6253726ffcac493"
  },
  "id": "xW099nrlG8P3aQ37",
  "tags": []
}