{
  "name": "Create Image",
  "nodes": [
    {
      "parameters": {
        "method": "POST",
        "url": "https://api.kie.ai/api/v1/jobs/createTask",
        "authentication": "genericCredentialType",
        "genericAuthType": "httpHeaderAuth",
        "sendBody": true,
        "specifyBody": "json",
        "jsonBody": "={\n  \"model\": \"google/nano-banana-edit\",\n  \"input\": {\n    \"prompt\": \"{{ $json.image_prompt_replace.replace(/\\\"/g, '\\\\\\\"').replace(/\\n/g, '\\\\n') }}\",\n    \"image_urls\": [\"{{ $('Start').first().json.image_reference_firstItem }}\"],\n    \"output_format\": \"png\",\n    \"image_size\": \"{{ $('Start').item.json.aspect_ratio }}\"\n  }\n}",
        "options": {
          "batching": {
            "batch": {
              "batchSize": 1
            }
          }
        }
      },
      "type": "n8n-nodes-base.httpRequest",
      "typeVersion": 4.2,
      "position": [
        896,
        384
      ],
      "id": "436e790a-26c5-425c-9b16-f3bcccb9ce65",
      "name": "Create Image",
      "credentials": {
        "httpHeaderAuth": {
          "id": "GY8EwBg1KMzSwh9X",
          "name": "Kie AI Credential"
        }
      }
    },
    {
      "parameters": {
        "url": "https://api.kie.ai/api/v1/jobs/recordInfo",
        "authentication": "genericCredentialType",
        "genericAuthType": "httpHeaderAuth",
        "sendQuery": true,
        "queryParameters": {
          "parameters": [
            {
              "name": "taskId",
              "value": "={{ $('Create Image').item.json.data.taskId }}"
            }
          ]
        },
        "options": {}
      },
      "type": "n8n-nodes-base.httpRequest",
      "typeVersion": 4.2,
      "position": [
        1392,
        384
      ],
      "id": "c691d6fa-55c0-4f9c-afba-dee3253ca7fb",
      "name": "Get Image",
      "alwaysOutputData": false,
      "retryOnFail": true,
      "waitBetweenTries": 5000,
      "credentials": {
        "httpHeaderAuth": {
          "id": "GY8EwBg1KMzSwh9X",
          "name": "Kie AI Credential"
        }
      }
    },
    {
      "parameters": {
        "amount": 60
      },
      "type": "n8n-nodes-base.wait",
      "typeVersion": 1.1,
      "position": [
        1088,
        384
      ],
      "id": "8d00c8ac-92e9-4f79-a89c-21b499cb363b",
      "name": "Wait2",
      "webhookId": "764fde22-6a90-4f26-ad14-8b30c5b8078e"
    },
    {
      "parameters": {
        "workflowInputs": {
          "values": [
            {
              "name": "image_prompt_replace",
              "type": "any"
            },
            {
              "name": "image_reference_firstItem",
              "type": "any"
            },
            {
              "name": "aspect_ratio",
              "type": "any"
            }
          ]
        }
      },
      "id": "f456552c-fd23-4554-8d5c-1333d14eb321",
      "typeVersion": 1.1,
      "name": "Start",
      "type": "n8n-nodes-base.executeWorkflowTrigger",
      "position": [
        688,
        384
      ]
    },
    {
      "parameters": {
        "assignments": {
          "assignments": [
            {
              "id": "ea52740c-ba3b-4a73-82ee-2b7a0b9d7e01",
              "name": "image_result",
              "value": "={{ JSON.parse($json.data.resultJson).resultUrls[0] }}",
              "type": "string"
            }
          ]
        },
        "options": {}
      },
      "type": "n8n-nodes-base.set",
      "typeVersion": 3.4,
      "position": [
        1616,
        384
      ],
      "id": "5dc06495-8419-48d1-bdd7-924dc37de054",
      "name": "Return"
    },
    {
      "parameters": {
        "amount": 60
      },
      "type": "n8n-nodes-base.wait",
      "typeVersion": 1.1,
      "position": [
        1200,
        384
      ],
      "id": "ab059a0a-a67d-4f0a-990a-52daab7a2d4d",
      "name": "Wait",
      "webhookId": "764fde22-6a90-4f26-ad14-8b30c5b8078e"
    },
    {
      "parameters": {
        "content": "# Create Images 🍌",
        "height": 96,
        "width": 752,
        "color": 5
      },
      "type": "n8n-nodes-base.stickyNote",
      "typeVersion": 1,
      "position": [
        848,
        240
      ],
      "id": "d5fc5ecd-93f7-46a7-8763-f3de13b8c3c5",
      "name": "Sticky Note1"
    }
  ],
  "pinData": {},
  "connections": {
    "Create Image": {
      "main": [
        [
          {
            "node": "Wait2",
            "type": "main",
            "index": 0
          }
        ]
      ]
    },
    "Wait2": {
      "main": [
        [
          {
            "node": "Wait",
            "type": "main",
            "index": 0
          }
        ]
      ]
    },
    "Start": {
      "main": [
        [
          {
            "node": "Create Image",
            "type": "main",
            "index": 0
          }
        ]
      ]
    },
    "Get Image": {
      "main": [
        [
          {
            "node": "Return",
            "type": "main",
            "index": 0
          }
        ]
      ]
    },
    "Wait": {
      "main": [
        [
          {
            "node": "Get Image",
            "type": "main",
            "index": 0
          }
        ]
      ]
    }
  },
  "active": false,
  "settings": {
    "executionOrder": "v1"
  },
  "versionId": "2b6f4be6-8cb2-41fe-83fd-2922a558c349",
  "meta": {
    "instanceId": "addaa68bf5af965c06c3765c811549851eb65db8df4677e0c6253726ffcac493"
  },
  "id": "kNnx0xuYUuMfr50L",
  "tags": []
}