{
  "name": "Create Voice",
  "nodes": [
    {
      "parameters": {
        "method": "POST",
        "url": "https://queue.fal.run/fal-ai/elevenlabs/tts/turbo-v2.5",
        "authentication": "genericCredentialType",
        "genericAuthType": "httpHeaderAuth",
        "sendBody": true,
        "specifyBody": "json",
        "jsonBody": "={\n  \"text\": \"{{ $json.voiceText.replace(/\\\"/g, '\\\\\\\"').replace(/\\n/g, '\\\\n') }}\",\n  \"voice\": \"{{ $json.voiceId }}\",\n  \"stability\": 0.5,\n  \"similarity_boost\": 0.75,\n  \"speed\": 0.8,\n  \"language_code\": \"en\"\n}",
        "options": {}
      },
      "type": "n8n-nodes-base.httpRequest",
      "typeVersion": 4.2,
      "position": [
        960,
        224
      ],
      "id": "f208df40-408d-4738-8476-ddab6f89eedb",
      "name": "Create Voice",
      "credentials": {
        "httpHeaderAuth": {
          "id": "8us2N7EU77ApbiYP",
          "name": "Fal AI Credential"
        }
      }
    },
    {
      "parameters": {
        "url": "={{ $('Create Voice').item.json.response_url }}",
        "authentication": "genericCredentialType",
        "genericAuthType": "httpHeaderAuth",
        "options": {}
      },
      "type": "n8n-nodes-base.httpRequest",
      "typeVersion": 4.2,
      "position": [
        1184,
        224
      ],
      "id": "0180d868-7faa-46ed-b4bd-350d083ac141",
      "name": "Get Voice",
      "retryOnFail": true,
      "waitBetweenTries": 5000,
      "credentials": {
        "httpHeaderAuth": {
          "id": "8us2N7EU77ApbiYP",
          "name": "Fal AI Credential"
        }
      }
    },
    {
      "parameters": {
        "amount": 60
      },
      "type": "n8n-nodes-base.wait",
      "typeVersion": 1.1,
      "position": [
        1072,
        224
      ],
      "id": "0ea8000c-2ad3-4a19-8f74-ac95b6e0ecc1",
      "name": "Wait1",
      "webhookId": "c6eb58b6-d694-45b6-b13d-da8ad5a26610"
    },
    {
      "parameters": {
        "assignments": {
          "assignments": [
            {
              "id": "d832341c-f989-4b39-af9a-e0f645033e61",
              "name": "audio_url",
              "value": "={{ $('Get Voice').item.json.audio.url }}",
              "type": "string"
            }
          ]
        },
        "options": {}
      },
      "type": "n8n-nodes-base.set",
      "typeVersion": 3.4,
      "position": [
        1392,
        224
      ],
      "id": "b042876e-235e-48fc-b79f-085bee027ab5",
      "name": "Return"
    },
    {
      "parameters": {
        "workflowInputs": {
          "values": [
            {
              "name": "voiceText",
              "type": "any"
            },
            {
              "name": "voiceId"
            }
          ]
        }
      },
      "id": "bdb60302-146d-43ab-9003-8c0bb0b8e5ab",
      "typeVersion": 1.1,
      "name": "Start",
      "type": "n8n-nodes-base.executeWorkflowTrigger",
      "position": [
        752,
        224
      ]
    },
    {
      "parameters": {
        "content": "# Create Voices",
        "height": 96,
        "width": 720
      },
      "type": "n8n-nodes-base.stickyNote",
      "typeVersion": 1,
      "position": [
        768,
        96
      ],
      "id": "51b2da22-963d-481a-bde1-a3fa55b628a3",
      "name": "Sticky Note"
    }
  ],
  "pinData": {},
  "connections": {
    "Create Voice": {
      "main": [
        [
          {
            "node": "Wait1",
            "type": "main",
            "index": 0
          }
        ]
      ]
    },
    "Wait1": {
      "main": [
        [
          {
            "node": "Get Voice",
            "type": "main",
            "index": 0
          }
        ]
      ]
    },
    "Start": {
      "main": [
        [
          {
            "node": "Create Voice",
            "type": "main",
            "index": 0
          }
        ]
      ]
    },
    "Get Voice": {
      "main": [
        [
          {
            "node": "Return",
            "type": "main",
            "index": 0
          }
        ]
      ]
    }
  },
  "active": false,
  "settings": {
    "executionOrder": "v1"
  },
  "versionId": "acb02e9d-2043-4088-9964-6bae55563c01",
  "meta": {
    "instanceId": "addaa68bf5af965c06c3765c811549851eb65db8df4677e0c6253726ffcac493"
  },
  "id": "FuiKb18kv1VeHdNM",
  "tags": []
}