{
  "name": "Create Video",
  "nodes": [
    {
      "parameters": {
        "assignments": {
          "assignments": [
            {
              "id": "af23ebba-65db-481c-92a4-fd2ebf939b91",
              "name": "video_result",
              "value": "={{ JSON.parse($json.data.resultJson).resultUrls[0] }}",
              "type": "string"
            }
          ]
        },
        "options": {}
      },
      "type": "n8n-nodes-base.set",
      "typeVersion": 3.4,
      "position": [
        2000,
        464
      ],
      "id": "d54b0ef2-377d-4a15-a695-49b850c24b68",
      "name": "Return"
    },
    {
      "parameters": {
        "workflowInputs": {
          "values": [
            {
              "name": "images",
              "type": "any"
            },
            {
              "name": "video_prompt",
              "type": "any"
            },
            {
              "name": "aspect_ratio",
              "type": "any"
            }
          ]
        }
      },
      "id": "652d8a51-2c8e-4833-b606-e3fdb2fa7a84",
      "typeVersion": 1.1,
      "name": "Start",
      "type": "n8n-nodes-base.executeWorkflowTrigger",
      "position": [
        752,
        464
      ]
    },
    {
      "parameters": {
        "amount": 60
      },
      "type": "n8n-nodes-base.wait",
      "typeVersion": 1.1,
      "position": [
        1200,
        352
      ],
      "id": "225e99e2-6542-44fa-97e4-6f770df99e13",
      "name": "Wait1",
      "webhookId": "36847a45-8676-40a0-b19d-8e2739578a10",
      "disabled": true
    },
    {
      "parameters": {
        "method": "POST",
        "url": "https://api.kie.ai/api/v1/jobs/createTask",
        "authentication": "genericCredentialType",
        "genericAuthType": "httpHeaderAuth",
        "sendBody": true,
        "specifyBody": "json",
        "jsonBody": "={\n  \"model\": \"wan/2-2-a14b-image-to-video-turbo\",\n  \"input\": {\n        \"image_url\": \"{{ $('Start').item.json.images }}\",\n        \"prompt\": \"{{ $('Start').item.json.video_prompt }}\",\n        \"resolution\": \"720p\",\n        \"aspect_ratio\": \"{{ $('Start').item.json.aspect_ratio }}\",\n        \"enable_prompt_expansion\": false,\n        \"acceleration\": \"none\"\n}\n}\n\n\n\n",
        "options": {
          "batching": {
            "batch": {
              "batchSize": 1
            }
          }
        }
      },
      "type": "n8n-nodes-base.httpRequest",
      "typeVersion": 4.2,
      "position": [
        976,
        352
      ],
      "id": "9552cb96-c0d7-4ebd-8500-35b3363765d9",
      "name": "Create Video1",
      "credentials": {
        "httpHeaderAuth": {
          "id": "GY8EwBg1KMzSwh9X",
          "name": "Kie AI Credential"
        }
      },
      "disabled": true
    },
    {
      "parameters": {
        "url": "https://api.kie.ai/api/v1/jobs/recordInfo",
        "authentication": "genericCredentialType",
        "genericAuthType": "httpHeaderAuth",
        "sendQuery": true,
        "queryParameters": {
          "parameters": [
            {
              "name": "taskId",
              "value": "={{ $('Create Video1').item.json.data.taskId }}"
            }
          ]
        },
        "options": {}
      },
      "type": "n8n-nodes-base.httpRequest",
      "typeVersion": 4.2,
      "position": [
        1760,
        352
      ],
      "id": "2beb02da-c571-4b60-91b6-f6cddc005f8d",
      "name": "Get Video2",
      "alwaysOutputData": false,
      "retryOnFail": true,
      "waitBetweenTries": 5000,
      "credentials": {
        "httpHeaderAuth": {
          "id": "GY8EwBg1KMzSwh9X",
          "name": "Kie AI Credential"
        }
      },
      "disabled": true
    },
    {
      "parameters": {
        "amount": 60
      },
      "type": "n8n-nodes-base.wait",
      "typeVersion": 1.1,
      "position": [
        1312,
        352
      ],
      "id": "1447dc85-3920-4930-a4a7-b10703a068c4",
      "name": "Wait",
      "webhookId": "bf665402-5616-462a-8290-4ed6a4c93c14",
      "disabled": true
    },
    {
      "parameters": {
        "amount": 60
      },
      "type": "n8n-nodes-base.wait",
      "typeVersion": 1.1,
      "position": [
        1424,
        352
      ],
      "id": "f93597f1-a11f-4d82-9229-0bcba829fcac",
      "name": "Wait2",
      "webhookId": "bf665402-5616-462a-8290-4ed6a4c93c14",
      "disabled": true
    },
    {
      "parameters": {
        "amount": 60
      },
      "type": "n8n-nodes-base.wait",
      "typeVersion": 1.1,
      "position": [
        1536,
        352
      ],
      "id": "75e13877-b404-4aee-99e4-3a2c99d1ae89",
      "name": "Wait3",
      "webhookId": "bf665402-5616-462a-8290-4ed6a4c93c14",
      "disabled": true
    },
    {
      "parameters": {
        "amount": 60
      },
      "type": "n8n-nodes-base.wait",
      "typeVersion": 1.1,
      "position": [
        1200,
        592
      ],
      "id": "b5f9cfe7-1227-4807-bf8f-d55b5fd7acc6",
      "name": "Wait4",
      "webhookId": "36847a45-8676-40a0-b19d-8e2739578a10"
    },
    {
      "parameters": {
        "method": "POST",
        "url": "https://api.kie.ai/api/v1/jobs/createTask",
        "authentication": "genericCredentialType",
        "genericAuthType": "httpHeaderAuth",
        "sendBody": true,
        "specifyBody": "json",
        "jsonBody": "={\n  \"model\": \"bytedance/v1-pro-image-to-video\",\n  \"input\": {\n        \"image_url\": \"{{ $('Start').item.json.images }}\",\n        \"prompt\": \"{{ $('Start').item.json.video_prompt }}\",\n        \"resolution\": \"720p\",\n        \"duration\": \"5\",\n        \"camera_fixed\": true,\n        \"seed\": -1,\n        \"enable_safety_checker\": false\n}\n}",
        "options": {
          "batching": {
            "batch": {
              "batchSize": 1
            }
          }
        }
      },
      "type": "n8n-nodes-base.httpRequest",
      "typeVersion": 4.2,
      "position": [
        976,
        592
      ],
      "id": "79b5d06c-b433-4274-9398-83808a31cae3",
      "name": "Create Video",
      "credentials": {
        "httpHeaderAuth": {
          "id": "GY8EwBg1KMzSwh9X",
          "name": "Kie AI Credential"
        }
      }
    },
    {
      "parameters": {
        "url": "https://api.kie.ai/api/v1/jobs/recordInfo",
        "authentication": "genericCredentialType",
        "genericAuthType": "httpHeaderAuth",
        "sendQuery": true,
        "queryParameters": {
          "parameters": [
            {
              "name": "taskId",
              "value": "={{ $('Create Video').item.json.data.taskId }}"
            }
          ]
        },
        "options": {}
      },
      "type": "n8n-nodes-base.httpRequest",
      "typeVersion": 4.2,
      "position": [
        1760,
        592
      ],
      "id": "1a53d3f4-6c1c-40e0-99b5-33fcf5143255",
      "name": "Get Video",
      "alwaysOutputData": false,
      "retryOnFail": true,
      "waitBetweenTries": 5000,
      "credentials": {
        "httpHeaderAuth": {
          "id": "GY8EwBg1KMzSwh9X",
          "name": "Kie AI Credential"
        }
      }
    },
    {
      "parameters": {
        "amount": 60
      },
      "type": "n8n-nodes-base.wait",
      "typeVersion": 1.1,
      "position": [
        1312,
        592
      ],
      "id": "69c99e0a-04f3-4c50-a262-ae3f42d1f370",
      "name": "Wait5",
      "webhookId": "bf665402-5616-462a-8290-4ed6a4c93c14"
    },
    {
      "parameters": {
        "amount": 60
      },
      "type": "n8n-nodes-base.wait",
      "typeVersion": 1.1,
      "position": [
        1424,
        592
      ],
      "id": "65a4c6d4-3c9c-47e0-b88a-f2dd58470598",
      "name": "Wait6",
      "webhookId": "bf665402-5616-462a-8290-4ed6a4c93c14"
    },
    {
      "parameters": {
        "amount": 60
      },
      "type": "n8n-nodes-base.wait",
      "typeVersion": 1.1,
      "position": [
        1536,
        592
      ],
      "id": "add7168c-8246-41f8-8acc-1db3138e4335",
      "name": "Wait7",
      "webhookId": "bf665402-5616-462a-8290-4ed6a4c93c14"
    },
    {
      "parameters": {
        "content": "# Create Videos",
        "height": 96,
        "width": 1392,
        "color": 3
      },
      "type": "n8n-nodes-base.stickyNote",
      "typeVersion": 1,
      "position": [
        704,
        192
      ],
      "id": "1c756715-61ac-4133-991d-39ca47e832ed",
      "name": "Sticky Note2"
    },
    {
      "parameters": {
        "content": "### Seedance 15 cents per clip\n",
        "height": 96,
        "width": 256,
        "color": 3
      },
      "type": "n8n-nodes-base.stickyNote",
      "typeVersion": 1,
      "position": [
        704,
        592
      ],
      "id": "4bb69daa-11aa-4e02-988f-5efa1d82c570",
      "name": "Sticky Note"
    },
    {
      "parameters": {
        "content": "### Wan 6 cents per clip\n",
        "height": 96,
        "width": 256,
        "color": 3
      },
      "type": "n8n-nodes-base.stickyNote",
      "typeVersion": 1,
      "position": [
        704,
        352
      ],
      "id": "1630bf5b-2ea6-4e2e-be89-981dcd48b054",
      "name": "Sticky Note1"
    }
  ],
  "pinData": {},
  "connections": {
    "Start": {
      "main": [
        [
          {
            "node": "Create Video",
            "type": "main",
            "index": 0
          },
          {
            "node": "Create Video1",
            "type": "main",
            "index": 0
          }
        ]
      ]
    },
    "Wait1": {
      "main": [
        [
          {
            "node": "Wait",
            "type": "main",
            "index": 0
          }
        ]
      ]
    },
    "Create Video1": {
      "main": [
        [
          {
            "node": "Wait1",
            "type": "main",
            "index": 0
          }
        ]
      ]
    },
    "Get Video2": {
      "main": [
        [
          {
            "node": "Return",
            "type": "main",
            "index": 0
          }
        ]
      ]
    },
    "Return": {
      "main": [
        []
      ]
    },
    "Wait": {
      "main": [
        [
          {
            "node": "Wait2",
            "type": "main",
            "index": 0
          }
        ]
      ]
    },
    "Wait2": {
      "main": [
        [
          {
            "node": "Wait3",
            "type": "main",
            "index": 0
          }
        ]
      ]
    },
    "Wait3": {
      "main": [
        [
          {
            "node": "Get Video2",
            "type": "main",
            "index": 0
          }
        ]
      ]
    },
    "Wait4": {
      "main": [
        [
          {
            "node": "Wait5",
            "type": "main",
            "index": 0
          }
        ]
      ]
    },
    "Create Video": {
      "main": [
        [
          {
            "node": "Wait4",
            "type": "main",
            "index": 0
          }
        ]
      ]
    },
    "Wait5": {
      "main": [
        [
          {
            "node": "Wait6",
            "type": "main",
            "index": 0
          }
        ]
      ]
    },
    "Wait6": {
      "main": [
        [
          {
            "node": "Wait7",
            "type": "main",
            "index": 0
          }
        ]
      ]
    },
    "Wait7": {
      "main": [
        [
          {
            "node": "Get Video",
            "type": "main",
            "index": 0
          }
        ]
      ]
    },
    "Get Video": {
      "main": [
        [
          {
            "node": "Return",
            "type": "main",
            "index": 0
          }
        ]
      ]
    }
  },
  "active": false,
  "settings": {
    "executionOrder": "v1"
  },
  "versionId": "c9a3a921-080a-4f53-b0e8-035a4c12b90e",
  "meta": {
    "instanceId": "addaa68bf5af965c06c3765c811549851eb65db8df4677e0c6253726ffcac493"
  },
  "id": "0L46yLjGUyhSWYCE",
  "tags": []
}